dog_name,image_url
Retrievers (Labrador),https://www.akc.org/wp-content/uploads/2017/11/Labrador-Retrievers-three-colors.jpg
French Bulldogs,https://www.akc.org/wp-content/uploads/2017/11/French-Bulldog-standing-outdoors.jpg
German Shepherd Dogs,https://www.akc.org/wp-content/uploads/2017/11/German-Shepherd-on-White-00.jpg
Retrievers (Golden),https://bdc2020.o0bc.com/wp-content/uploads/2023/11/C99G1031-6560a44d46816-scaled.jpg
Bulldogs,https://upload.wikimedia.org/wikipedia/commons/thumb/b/bf/Bulldog_inglese.jpg/1200px-Bulldog_inglese.jpg
Poodles,https://upload.wikimedia.org/wikipedia/commons/f/f8/Full_attention_%288067543690%29.jpg
Beagles,https://www.akc.org/wp-content/uploads/2017/11/Beagles-standing-in-a-frosty-field-on-a-cold-morning.jpg
Rottweilers,https://cdn.britannica.com/69/234469-050-B883797B/Rottweiler-dog.jpg
Pointers (German Shorthaired),http://static1.squarespace.com/static/5b3fc87b45776e887e966e82/601b7ed16060d75410ff75ea/640a19bc0b0fc31e89847cfc/1683747731059/1-1.jpg?format=1500w
Dachshunds,https://www.akc.org/wp-content/uploads/2017/11/Longhaired-Dachshund-standing-outdoors.jpg
Pembroke Welsh Corgis,https://www.akc.org/wp-content/uploads/2017/11/Pembroke-Welsh-Corgi-standing-outdoors-in-the-fall.jpg
Australian Shepherds,https://www.akc.org/wp-content/uploads/2017/11/Australian-Shepherd.1.jpg
Yorkshire Terriers,https://upload.wikimedia.org/wikipedia/commons/4/41/%282_version%29_Grupp_3%2C_YORKSHIRETERRIER%2C_NO_UCH_SE_UCH_Oxzar_Amazing_Bel%E2%80%99s_Toffy_%2824310212305%29.jpg
Boxers,https://i5.walmartimages.com/seo/Hanes-Men-s-Woven-Boxers-3-Pack_a75b160d-0b4a-4ac8-ac61-97624afb5f19.abd8676fb609dedd49e697cf432d8c12.jpeg?odnHeight=768&odnWidth=768&odnBg=FFFFFF
Great Danes,https://cdn.britannica.com/61/234761-050-34E975F0/Great-Dane-compared-French-Bulldog.jpg
Siberian Huskies,https://cdn.britannica.com/84/232784-050-1769B477/Siberian-Husky-dog.jpg
Cavalier King Charles Spaniels,https://www.akc.org/wp-content/uploads/2017/11/Cavalier-King-Charles-Spaniel-standing-in-the-grass.jpg
Doberman Pinschers,https://image.petmd.com/files/inline-images/doberman-pinscher-2.jpg?VersionId=goGFbO27A_Gcq6bxT.yT8SbeNEE3V44_
Miniature Schnauzers,https://image.petmd.com/files/styles/978x550/public/2023-01/miniature-schnauzer-dog.jpg
Shih Tzu,https://thumbor.forbes.com/thumbor/fit-in/900x510/https://www.forbes.com/advisor/wp-content/uploads/2023/11/shih-tzu-temperament.jpeg.jpg
Boston Terriers,https://s3.amazonaws.com/cdn-origin-etr.akc.org/wp-content/uploads/2017/11/08134610/Boston-Terrier-head-portrait-outdoors1.jpg
Bernese Mountain Dogs,https://www.akc.org/wp-content/uploads/2017/11/Bernese-Mountain-Dog-On-White-01.jpg
Pomeranians,https://cdn.britannica.com/41/233841-050-4FFECCF1/Pomeranian-dog.jpg
Havanese,https://dogtime.com/wp-content/uploads/sites/12/2011/01/GettyImages-1188952756-e1693150813872.jpg?w=1024
Cane Corso,https://www.akc.org/wp-content/uploads/2017/11/Cane-Corso-AKC-121516-296.jpg
Spaniels (English Springer),https://upload.wikimedia.org/wikipedia/commons/thumb/c/c4/Springer_Spaniel_Wide_Shot.jpg/640px-Springer_Spaniel_Wide_Shot.jpg
Shetland Sheepdogs,https://www.akc.org/wp-content/uploads/2017/11/Shetland-Sheepdog-On-White-01.jpg
Brittanys,https://www.akc.org/wp-content/uploads/2017/11/Brittany-1.jpg
Pugs,https://upload.wikimedia.org/wikipedia/commons/3/33/Pug_-_1_year_Old_%28cropped%29.jpg
Spaniels (Cocker),https://www.akc.org/wp-content/uploads/2017/11/English-Cocker-Spaniel-Slide03.jpg
Miniature American Shepherds,https://www.akc.org/wp-content/uploads/2017/11/Miniature-American-Shepherd-On-White-01.jpg
Border Collies,https://cdn.britannica.com/25/234625-050-6070814C/Border-Collie-dog.jpg
Mastiffs,https://www.thesprucepets.com/thmb/-GNx9tgZ_qiQ6spvFEaEfGAsJ6w=/2450x0/filters:no_upscale():strip_icc()/GettyImages-92316414-174bc329e0c34cfcb517b1e3c49fb85b.jpg
Chihuahuas,https://www.akc.org/wp-content/uploads/2017/11/Chihuahua-standing-in-three-quarter-view.jpg
Vizslas,https://i0.wp.com/www.thedogwalksme.com/wp-content/uploads/2023/02/redbarkphotography-8171.jpg?resize=940%2C627&ssl=1
Basset Hounds,https://cdn.britannica.com/87/236687-050-DD7F62CC/basset-hound-dog.jpg
Belgian Malinois,https://cdn.britannica.com/85/232785-050-0EE871BE/Belgian-Malinois-dog.jpg
Maltese,https://www.akc.org/wp-content/uploads/2017/11/Maltese-laying-down-in-a-chair.jpg
Weimaraners,https://upload.wikimedia.org/wikipedia/commons/3/32/Weimaraner_wb.jpg
Collies,https://buschgardens.com/williamsburg/-/media/busch-gardens-williamsburg/images/animals/border-collies/dog-hero.ashx?version=1_202208102605
Newfoundlands,https://upload.wikimedia.org/wikipedia/commons/thumb/a/a5/Newfoundland_dog_Smoky.jpg/640px-Newfoundland_dog_Smoky.jpg
Rhodesian Ridgebacks,https://cdn.britannica.com/13/236913-050-918236C2/Rhodesian-Ridgeback-dog.jpg
Shiba Inu,https://upload.wikimedia.org/wikipedia/commons/thumb/6/6b/Taka_Shiba.jpg/1200px-Taka_Shiba.jpg
West Highland White Terriers,https://upload.wikimedia.org/wikipedia/commons/thumb/2/2c/West_Highland_White_Terrier_Krakow.jpg/640px-West_Highland_White_Terrier_Krakow.jpg
Bichons Frises,https://www.akc.org/wp-content/uploads/2017/11/Bichon-Frise-On-White-03.jpg
Bloodhounds,https://upload.wikimedia.org/wikipedia/commons/d/d1/Bloodhound_Erland22.jpg
Spaniels (English Cocker),https://www.akc.org/wp-content/uploads/2017/11/English-Cocker-Spaniel-Slide03.jpg
Akitas,https://s3.amazonaws.com/cdn-origin-etr.akc.org/wp-content/uploads/2017/11/06154034/Akita-standing-outdoors-in-the-summer.jpg
Portuguese Water Dogs,https://www.akc.org/wp-content/uploads/2017/11/Portuguese-Water-Dog-standing-in-profile-outdoors.jpg
Retrievers (Chesapeake Bay),https://www.akc.org/wp-content/uploads/2017/11/Chesapeake-Bay-Retriever-hunting.jpg
Dalmatians,https://cdn.britannica.com/47/236047-050-F06BFC5E/Dalmatian-dog.jpg
St. Bernards,https://cdn.britannica.com/66/235666-050-751046D6/Saint-bernard-dog-st-bernard-standing-snow.jpg
Papillons,https://www.akc.org/wp-content/uploads/2017/11/Papillon-On-White-01.jpg
Australian Cattle Dogs,https://www.akc.org/wp-content/uploads/2017/11/Australian-Cattle-Dog-laying-down-in-the-grass.jpg
Bullmastiffs,https://www.akc.org/wp-content/uploads/2017/11/Bullmastiff-standing-in-a-field.jpg
Samoyeds,https://www.akc.org/wp-content/uploads/2017/11/Samoyed-standing-in-the-forest.jpg
Scottish Terriers,https://www.thesprucepets.com/thmb/kOYfMEzeGhCmxtzQGwR1VPrnGwE=/2121x0/filters:no_upscale():strip_icc()/Scottishterrieroutside-5af801f8056a4a00a01b032a8da8eabf.jpg
Soft Coated Wheaten Terriers,https://upload.wikimedia.org/wikipedia/commons/thumb/f/fd/Soft-Coated_Wheaten_Terrier.jpg/640px-Soft-Coated_Wheaten_Terrier.jpg
Whippets,https://www.akc.org/wp-content/uploads/2017/11/Whippet-On-White-01.jpg
Pointers (German Wirehaired),https://www.akc.org/wp-content/uploads/2017/11/German-Wirehaired-Pointer-standing-in-a-green-grassy-field.jpg
Chinese Shar-Pei,https://cdn.britannica.com/56/236456-050-D13140E2/Chinese-shar-pei-dog.jpg
Airedale Terriers,https://s3.amazonaws.com/cdn-origin-etr.akc.org/wp-content/uploads/2017/11/30202205/Airedale-Terrier-standing-stacked-outdoors.jpg
Wirehaired Pointing Griffons,https://www.akc.org/wp-content/uploads/2017/11/Wirehaired-Pointing-Griffon-laying-in-a-field.jpg
Bull Terriers,https://cdn.britannica.com/77/235277-050-E9162647/white-bull-terrier-dog.jpg
Alaskan Malamutes,https://cdn.britannica.com/02/236302-050-E1F61BB1/Alaskan-Malamute-sled-dog.jpg
Cardigan Welsh Corgis,https://www.akc.org/wp-content/uploads/2017/11/Cardigan-Welsh-Corgi-on-White-111.jpg
Giant Schnauzers,https://upload.wikimedia.org/wikipedia/commons/7/7b/Nev_Lemar_Barbara1.jpg
Old English Sheepdogs,https://upload.wikimedia.org/wikipedia/commons/thumb/e/ed/Old_English_Sheepdog_%28side%29.jpg/1200px-Old_English_Sheepdog_%28side%29.jpg
Italian Greyhounds,https://upload.wikimedia.org/wikipedia/commons/thumb/5/5d/Italian_Greyhound_standing_gray_%28cropped%29.jpg/1200px-Italian_Greyhound_standing_gray_%28cropped%29.jpg
Great Pyrenees,https://upload.wikimedia.org/wikipedia/commons/thumb/0/02/Great_Pyrenees_Mountain_Dog_2.png/800px-Great_Pyrenees_Mountain_Dog_2.png
Dogues de Bordeaux,https://upload.wikimedia.org/wikipedia/commons/thumb/5/53/French_Mastiff_female_4.jpg/1200px-French_Mastiff_female_4.jpg
Russell Terriers,https://cdn.britannica.com/00/234900-050-0BEFCBC6/Parson-Jack-Russell-Terrier-dog-broken-coat.jpg
Cairn Terriers,https://www.akc.org/wp-content/uploads/2017/11/Cairn-Terrier-sitting-in-the-grass.jpg
Irish Wolfhounds,https://www.akc.org/wp-content/uploads/2017/11/Irish-Wolfhound-standing-in-a-field.jpg
Setters (Irish),https://upload.wikimedia.org/wikipedia/commons/thumb/2/2e/Can_Setter_dog_GFDL.jpg/800px-Can_Setter_dog_GFDL.jpg
Greater Swiss Mountain Dogs,https://www.akc.org/wp-content/uploads/2017/11/Greater-Swiss-Mountain-Dog-laying-down-in-the-grass.jpg
Miniature Pinschers,https://cdn.britannica.com/33/233233-050-BD461F52/miniature-pinscher-dog.jpg
Lhasa Apsos,https://www.akc.org/wp-content/uploads/2017/11/Lhasa-Apso-On-White-01.jpg
Chinese Crested,https://www.akc.org/wp-content/uploads/2017/11/Chinese-Crested-On-White-01.jpg
Coton de Tulear,https://s3.amazonaws.com/cdn-origin-etr.akc.org/wp-content/uploads/2017/11/20175536/Coton-de-Tulear-standing-in-the-grass.jpg
Staffordshire Bull Terriers,https://upload.wikimedia.org/wikipedia/commons/d/de/%D7%A1%D7%90%D7%98%D7%A3_%D7%90%D7%A0%D7%92%D7%9C%D7%99.jpg
American Staffordshire Terriers,https://cdn.britannica.com/01/198001-050-AC33057E/ancestry-American-Staffordshire-Terrier-bulldogs-Staffie-mastiffs.jpg
Rat Terriers,https://www.thesprucepets.com/thmb/l-GihLM33c9oOD5L6QHBVpmwcsA=/1590x0/filters:no_upscale():strip_icc()/GettyImages-1367576045-3625ea342c35493ea797195d6db5a88a.jpg
Chow Chows,https://cdn.britannica.com/79/8179-050-F1398EAA/Chow-chow.jpg
Anatolian Shepherd Dogs,https://www.akc.org/wp-content/uploads/2017/11/Anatolian-Shepherd-Dog-On-White-01.jpg
Basenjis,https://upload.wikimedia.org/wikipedia/commons/thumb/c/c5/Basenji_Profile_%28loosercrop%29.jpg/640px-Basenji_Profile_%28loosercrop%29.jpg
Spaniels (Boykin),https://www.akc.org/wp-content/uploads/2017/11/Boykin-Spaniel-holding-a-dummy-toy.jpg
Lagotti Romagnoli,https://lookaside.fbsbx.com/lookaside/crawler/media/?media_id=100064825415650
Brussels Griffons,https://www.akc.org/wp-content/uploads/2017/11/Brussels-Griffon-sitting-outdoors.jpg
Retrievers (Nova Scotia Duck Tolling),https://vgl.ucdavis.edu/sites/g/files/dgvnsk15116/files/media/images/Nova-Scotia-Duck-Tolling-Retriever-Health-Panel-600px.jpg
Norwegian Elkhounds,https://www.akc.org/wp-content/uploads/2017/11/Norwegian-Elkhound-sitting-in-the-snow-looking-back-over-its-shoulder.jpg
Standard Schnauzers,https://www.akc.org/wp-content/uploads/2017/11/Standard-Schnauzer-standing-outdoors.jpg
Dogo Argentinos,https://cdn.britannica.com/51/236451-050-AA12E618/dogo-Argentino-dog.jpg
Bouviers des Flandres,https://www.akc.org/wp-content/uploads/2017/11/Bouvier-des-Flandres-standing-atop-a-hill.jpg
Pekingese,https://www.akc.org/wp-content/uploads/2017/11/Pekingese-standing-in-the-grass.jpg
Keeshonden,"https://m.media-amazon.com/images/I/71R0wTSXbYL._AC_UF1000,1000_QL80_.jpg"
Border Terriers,https://www.akc.org/wp-content/uploads/2017/11/Border-Terrier-On-White-03.jpg
Leonbergers,https://www.akc.org/wp-content/uploads/2017/11/Leonberger-standing-in-a-field.jpg
Tibetan Terriers,https://cdn.sanity.io/images/4ij0poqn/production/8bfb5b8dc83b97c5ee72986975a810d7b133046a-1200x700.jpg
Neapolitan Mastiffs,https://s3.amazonaws.com/cdn-origin-etr.akc.org/wp-content/uploads/2009/01/26133242/Neapolitan-Mastiff-on-lead-standing-in-the-grass-outdoors.20190813025752970.jpg
Setters (English),https://www.akc.org/wp-content/uploads/2017/11/English-Setter-standing-in-a-field.jpg
Retrievers (Flat-Coated),https://www.akc.org/wp-content/uploads/2017/11/Flat-Coated-Retrievers-sitting-outdoors.jpg
Borzois,https://lookaside.instagram.com/seo/google_widget/crawler/?media_id=3226161723708815414
Fox Terriers (Wire),https://www.akc.org/wp-content/uploads/2017/11/Wire-Fox-Terrier.1.jpg
Miniature Bull Terriers,https://www.akc.org/wp-content/uploads/2017/11/Miniature-Bull-Terrier-standing-outdoors.jpg
Belgian Tervuren,https://www.akc.org/wp-content/uploads/2017/11/Belgian-Tervuren.3.jpg
Setters (Gordon),https://www.akc.org/wp-content/uploads/2017/11/Gordon-Setter.3.jpg
Silky Terriers,https://upload.wikimedia.org/wikipedia/commons/a/af/Australian_Silky_Terrier_Alana_Of_Silky%27s_Dream.jpg
Norwich Terriers,https://www.akc.org/wp-content/uploads/2017/11/Norwich-Terrier-standing-outdoors.jpg
Spinoni Italiani,https://www.akc.org/wp-content/uploads/2017/11/Spinoni-Italiani-puppies-together-in-the-yard.jpg
Japanese Chin,https://www.akc.org/wp-content/uploads/2017/11/Japanese-Chin-standing-outdoors.jpg
Welsh Terriers,https://www.akc.org/wp-content/uploads/2016/01/Welsh-Terrier.jpg
Toy Fox Terriers,https://www.akc.org/wp-content/uploads/2017/11/Toy-Fox-Terrier-standing-portrait.jpg
Schipperkes,https://lookaside.fbsbx.com/lookaside/crawler/media/?media_id=100057323325379
Parson Russell Terriers,https://www.akc.org/wp-content/uploads/2017/11/Parson-Russell-Terrier-standing-in-three-quarter-view-on-a-white-background.jpg
Pointers,https://cdn.britannica.com/10/8110-050-AE52896A/Dogs-pointers-scent-ground-nasal-cavity-sniffing.jpg
Belgian Sheepdogs,https://www.akc.org/wp-content/uploads/2017/11/Belgian-Sheepdog-standing-in-a-field.jpg
Tibetan Spaniels,https://lookaside.fbsbx.com/lookaside/crawler/media/?media_id=100064488560359
American Eskimo Dogs,https://upload.wikimedia.org/wikipedia/commons/f/fe/American_Eskimo_Dog_1.jpg
Irish Terriers,https://upload.wikimedia.org/wikipedia/commons/5/56/IrishTerrierSydenhamHillWoods.jpg
Beaucerons,https://www.akc.org/wp-content/uploads/2017/11/Beauceron-On-White-03.jpg
Afghan Hounds,https://s3.amazonaws.com/cdn-origin-etr.akc.org/wp-content/uploads/2017/11/26151212/Afghan-Hound-standing-in-a-garden.jpg
Boerboels,https://lookaside.fbsbx.com/lookaside/crawler/media/?media_id=100066516836258
Fox Terriers (Smooth),https://www.akc.org/wp-content/uploads/2017/11/Smooth-Fox-Terrier-standing-in-a-field-in-winter.jpg
Bearded Collies,https://www.akc.org/wp-content/uploads/2017/11/Bearded-Collie-standing-in-the-grass.jpg
Black Russian Terriers,https://upload.wikimedia.org/wikipedia/commons/thumb/b/bd/Wystawa_Rybnik_02.10.2011_czarny_terier_rosyjski_2pl.jpg/640px-Wystawa_Rybnik_02.10.2011_czarny_terier_rosyjski_2pl.jpg
Black and Tan Coonhounds,https://www.thesprucepets.com/thmb/8FyZYvD-prNLdqrnxT04vZyle9w=/5472x0/filters:no_upscale():strip_icc()/GettyImages-531223775-0f0221b01a4c4de4b8d6ee9d14d3ac53.jpg
Spaniels (Welsh Springer),https://www.akc.org/wp-content/uploads/2017/11/Welsh-Springer-Spaniel-head-portrait-outdoors.jpg
American Hairless Terriers,https://www.akc.org/wp-content/uploads/2017/11/American-Hairless-Terrier-standing-in-the-grass-on-lead.jpg
Norfolk Terriers,https://www.akc.org/wp-content/uploads/2017/11/Norfolk-Terrier-sitting-in-the-grass.1.jpg
Xoloitzcuintli,https://www.thesprucepets.com/thmb/xT1SqfBbouRTMbqz8fMkpnJzGbY=/2504x0/filters:no_upscale():strip_icc()/GettyImages-1288698179-a40c40b7bb9d4b89a62187b73842050d.jpg
Manchester Terriers,https://s3.amazonaws.com/cdn-origin-etr.akc.org/wp-content/uploads/2018/04/26221428/Manchester-Terrier-Slide-01.jpg
Kerry Blue Terriers,https://www.akc.org/wp-content/uploads/2017/11/Kerry-Blue-Terrier-standing-stacked-outdoors.jpg
Australian Terriers,https://www.akc.org/wp-content/uploads/2017/11/Australian-Terrier-standing-in-the-garden.jpg
Spaniels (Clumber),https://www.akc.org/wp-content/uploads/2017/11/Clumber-Spaniel-On-White-011.jpg
Lakeland Terriers,https://www.akc.org/wp-content/uploads/2017/11/Lakeland-Terrier-standing-stacked-outdoors.jpg
Bluetick Coonhounds,https://www.akc.org/wp-content/uploads/2017/11/Bluetick-Coonhound.jpg
English Toy Spaniels,https://www.akc.org/wp-content/uploads/2017/11/English-Toy-Spaniel-On-White-01.jpg
German Pinschers,https://s3.amazonaws.com/cdn-origin-etr.akc.org/wp-content/uploads/2017/11/20183655/German-Pinscher-standing-near-a-lake.jpg
Tibetan Mastiffs,https://www.thesprucepets.com/thmb/ltpjpqJIkTh6z2G5wp2tF-FWEhs=/1566x0/filters:no_upscale():strip_icc()/GettyImages-1214648223-a185de9c88984ca69f1ac720bdea6efe.jpg
Bedlington Terriers,https://www.akc.org/wp-content/uploads/2017/11/Bedlington-Terrier-standing-outdoors.jpg
Greyhounds,https://preview.redd.it/why-are-greyhounds-so-weird-and-so-cute-v0-7oolc3h0vtwa1.jpg?width=640&crop=smart&auto=webp&s=eba9f6d0de95e9c5461944a2c82cddcfdb8870b9
Pulik,https://moonglowpulik.com/wp-content/uploads/2018/05/cropped-Zoe-on-Rocks-Original-1.jpg
Salukis,https://upload.wikimedia.org/wikipedia/commons/3/31/Red_Smooth_Saluki.jpg
Barbets,https://upload.wikimedia.org/wikipedia/commons/thumb/b/b7/Female_Red-headed_Barbet_in_Ecuador_%2814799181451%29.jpg/1200px-Female_Red-headed_Barbet_in_Ecuador_%2814799181451%29.jpg
Redbone Coonhounds,https://www.thesprucepets.com/thmb/jIqdJDdFjtKN5mkjJi9ZiFkr2Fw=/1663x0/filters:no_upscale():strip_icc()/GettyImages-938954958-1d277c5ddb1d40caab2bf9ddbb3079d9.jpg
Swedish Vallhunds,https://upload.wikimedia.org/wikipedia/commons/0/03/V%C3%A4stg%C3%B6taspets_hane_5_%C3%A5r.jpg
Sealyham Terriers,https://www.thesprucepets.com/thmb/qN_4G-gzwKJGKduwxU_d_nDk5b4=/800x0/filters:no_upscale():strip_icc()/Sealyham_Terrier_-_Solo.2-c1d1c7ef266f40f0a4059057ef075a55.jpg
Spanish Water Dogs,http://cdn.akc.org/content/article-body-image/SWD_Hero.jpg
Briards,https://www.akc.org/wp-content/uploads/2017/11/Briard-standing-in-the-grass.jpg
Berger Picards,https://www.akc.org/wp-content/uploads/2017/11/Berger-Picard-standing-in-a-field.jpg
Entlebucher Mountain Dogs,https://www.akc.org/wp-content/uploads/2017/11/Entlebucher-Mountain-Dog-outdoors-standing-in-a-field.jpg
Treeing Walker Coonhounds,https://s3.amazonaws.com/cdn-origin-etr.akc.org/wp-content/uploads/2016/11/15160234/Treeing-Walker-Coonhound-standing-in-the-yard.jpg
Icelandic Sheepdogs,https://www.akc.org/wp-content/uploads/2017/11/Icelandic-Sitting.jpg
Wirehaired Vizslas,https://upload.wikimedia.org/wikipedia/commons/b/b4/Dr%C3%B3tosvizsla_vadat_%C3%A1ll.jpg
Pumik,http://cdn.akc.org/content/article-body-image/group_of_pumik.jpg
Portuguese Podengo Pequenos,https://www.akc.org/wp-content/uploads/2017/11/PPP-on-white.jpg
Spaniels (American Water),https://www.akc.org/wp-content/uploads/2017/11/American-Water-Spaniel.1.jpg
Retrievers (Curly-Coated),https://www.akc.org/wp-content/uploads/2017/11/Curly-Coat-puppies.jpg
Spaniels (Field),https://gundog-journal.com/siteimg/main/ugc-1/fullnews/news/162/195_original.jpg
Lowchen,https://www.akc.org/wp-content/uploads/2017/11/Lowchen-at-the-AKC-National-Championship-presented-by-Royal-Canin.jpg
Nederlandse Kooikerhondjes,https://www.akc.org/wp-content/uploads/2018/01/Nederlandse-Kooikerhondje-Hero.jpg
Affenpinschers,https://s3.amazonaws.com/cdn-origin-etr.akc.org/wp-content/uploads/2020/05/21144745/Affenpinscher-running.jpg
Petits Bassets Griffons Vendeens,https://www.akc.org/wp-content/uploads/2017/11/Petit-Basset-Griffon-Vendeen-standing.jpg
Finnish Lapphunds,https://puredogtalk.com/wp-content/uploads/2022/10/Tori-and-me-adult-male.jpg
Scottish Deerhounds,https://www.akc.org/wp-content/uploads/2017/11/Scottish-Deerhound-standing-in-the-woods.jpg
Plott Hounds,https://www.akc.org/wp-content/uploads/2017/11/IMG_8947.jpg
Norwegian Buhunds,https://www.akc.org/wp-content/uploads/2017/11/Norwegian-Buhund-On-White-01.jpg
Glen of Imaal Terriers,https://www.akc.org/wp-content/uploads/2017/11/Glen-of-Imaal-Terrier-On-White-01.jpg
Setters (Irish Red and White),https://upload.wikimedia.org/wikipedia/commons/0/04/Irish_Red_And_White_Setter_2005.jpg
Ibizan Hounds,https://www.akc.org/wp-content/uploads/2017/11/Ibizan-Hound-sitting-in-profile-in-the-desert.jpg
Spaniels (Sussex),https://www.akc.org/wp-content/uploads/2017/11/Sussex-Spaniel-On-White-01.jpg
Bergamasco Sheepdogs,https://www.akc.org/wp-content/uploads/2017/11/Bergamasco-Sheepdog-standing-in-a-field-in-the-mountains.jpg
Spaniels (Irish Water),https://upload.wikimedia.org/wikipedia/commons/8/84/Ierse_Water_Spaniel.jpg
Polish Lowland Sheepdogs,http://cdn.akc.org/content/hero/pons.jpeg
Otterhounds,https://upload.wikimedia.org/wikipedia/commons/5/5f/Two_otterhounds.jpg
Kuvaszok,https://www.akc.org/wp-content/uploads/2017/11/Kuvasz-standing-outdoors.jpg
Komondorok,https://www.akc.org/wp-content/uploads/2017/11/Komondor-standing-in-the-park.jpg
Cirnechi dell’Etna,https://www.akc.org/wp-content/uploads/2017/11/Cirneco-dellEtna-puppy-standing-outdoors.20200502223509799.jpg
Pharaoh Hounds,https://www.akc.org/wp-content/uploads/2017/11/Pharaoh-Hound-laying-down-in-profile.jpg
Dandie Dinmont Terriers,https://www.akc.org/wp-content/uploads/2017/11/Dandie-Dinmont-Terrier-slide-6.jpg
Pyrenean Shepherds,https://www.akc.org/wp-content/uploads/2017/11/Pyrenean-Shepherd-standing-in-profile-in-a-field.jpg
Skye Terriers,https://upload.wikimedia.org/wikipedia/commons/thumb/6/61/Skye_terrier_800.jpg/1200px-Skye_terrier_800.jpg
Canaan Dogs,https://www.thesprucepets.com/thmb/8076Tro7Qp864fqWgbDivZMm63s=/5064x0/filters:no_upscale():strip_icc()/canaan-dog--lying-down-110056364-5c44fecac9e77c0001a2bf1c.jpg
American English Coonhounds,https://s3.amazonaws.com/cdn-origin-etr.akc.org/wp-content/uploads/2017/11/12133559/American-English-Coonhound-head-portrait-outdoors.jpg
Chinooks,https://upload.wikimedia.org/wikipedia/commons/thumb/a/a0/CH-47_assigned_to_3rd_General_Support_Aviation_Battalion%2C_82nd_Combat_Aviation_Brigade.jpg/800px-CH-47_assigned_to_3rd_General_Support_Aviation_Battalion%2C_82nd_Combat_Aviation_Brigade.jpg
Finnish Spitz,https://www.akc.org/wp-content/uploads/2017/11/Finnish-Spitz-On-White-01.jpg
Grand Basset Griffon Vendeens,https://i.ytimg.com/vi/ZyUh94mkJlM/maxresdefault.jpg
Sloughis,https://www.akc.org/wp-content/uploads/2017/11/Sloughi-in-the-desert.jpg
Harriers,https://upload.wikimedia.org/wikipedia/commons/thumb/b/b9/Spanish_EAV-8B_Harrier_II%2B_%22Cobra%22_%2827448607244%29_%28cropped%29.jpg/1200px-Spanish_EAV-8B_Harrier_II%2B_%22Cobra%22_%2827448607244%29_%28cropped%29.jpg
Cesky Terriers,https://www.akc.org/wp-content/uploads/2017/11/Cesky-Terrier-on-White-011.jpg
American Foxhounds,https://www.akc.org/wp-content/uploads/2017/11/American-Foxhound-2.jpg
Azawakhs,https://www.akc.org/wp-content/uploads/2017/11/Azawakh_178091272.jpg
English Foxhounds,https://www.akc.org/wp-content/uploads/2017/11/English-Foxhound-standing-in-a-field.jpg
Norwegian Lundehunds,https://s3.amazonaws.com/cdn-origin-etr.akc.org/wp-content/uploads/2017/11/08125010/Norwegian-Lundehund-standing-in-the-grass.jpg
Dachshund,https://cdn.britannica.com/13/234213-050-45F47984/dachshund-dog.jpg
Shiba inu,https://upload.wikimedia.org/wikipedia/commons/thumb/6/6b/Taka_Shiba.jpg/1200px-Taka_Shiba.jpg
Saluki,https://lookaside.fbsbx.com/lookaside/crawler/media/?media_id=100069003278329
Lagotto romagnolo,"https://hips.hearstapps.com/hmg-prod/images/lagotto-romagnolo-jpg-643555ebe8428.jpg?crop=0.670xw:1.00xh;0.266xw,0&resize=640:*"
Rhodesian ridgeback,https://cdn.britannica.com/11/236911-050-45499A21/Rhodesian-Ridgeback-dog.jpg
Chesapeake bay retriever,https://upload.wikimedia.org/wikipedia/commons/9/97/CH_Chesapeake.jpg
Affenpinscher,https://www.affenpinscher.org//images/2023/01/06/casper.jpg
German Spitz,https://s3.amazonaws.com/cdn-origin-etr.akc.org/wp-content/uploads/2017/11/24152054/German-Spitz-standing-in-profile-outdoors.jpg
Border collie,https://dogtime.com/wp-content/uploads/sites/12/2023/09/GettyImages-164855910-1-e1694532950609.jpg
Greyhound,https://upload.wikimedia.org/wikipedia/commons/thumb/5/5d/Italian_Greyhound_standing_gray_%28cropped%29.jpg/1200px-Italian_Greyhound_standing_gray_%28cropped%29.jpg
English cocker spaniel,https://www.akc.org/wp-content/uploads/2017/11/English-Cocker-Spaniel-Slide03.jpg
Australian shepherd,https://dogtime.com/wp-content/uploads/sites/12/2011/01/GettyImages-1310156914-e1691160249641.jpg?w=1024
Dogo canario,https://upload.wikimedia.org/wikipedia/commons/thumb/7/78/Presacanarionaturalears.jpg/800px-Presacanarionaturalears.jpg
Golden Retriever,https://images.squarespace-cdn.com/content/v1/54e7a1a6e4b08db9da801ded/fdecc7f0-42bf-4696-bd4c-73a868e5d1d2/81.jpg
Spanish greyhound,https://www.thesprucepets.com/thmb/XapN3yNi313elYRyXcZ1EFUC1ZE=/2064x0/filters:no_upscale():strip_icc()/tsik2-c70f65d545e54025ae3e68bdb6f10f46.jpg
Biewer yorkshire terrier,https://s3.amazonaws.com/cdn-origin-etr.akc.org/wp-content/uploads/2017/11/06113341/Biewer-Terrier-puppy-standing-in-profile-in-the-grass.jpg
Continental bulldog,https://upload.wikimedia.org/wikipedia/commons/6/60/Pitsch-Dog.jpg
Galgo español,https://www.thesprucepets.com/thmb/XapN3yNi313elYRyXcZ1EFUC1ZE=/2064x0/filters:no_upscale():strip_icc()/tsik2-c70f65d545e54025ae3e68bdb6f10f46.jpg
Iceland dog,https://www.akc.org/wp-content/uploads/2017/11/Icelandic-Sitting.jpg
Shetland sheepdog,https://www.akc.org/wp-content/uploads/2017/11/Shetland-Sheepdog-On-White-01.jpg
Jack russel terrier,https://upload.wikimedia.org/wikipedia/commons/thumb/f/f1/Jack_Russell_Terrier_1.jpg/1200px-Jack_Russell_Terrier_1.jpg
Retriever,https://goldendogfarm.com/cdn/shop/files/C99G2092_2048x.jpg?v=1700100052
Lucerne drive dog,http://horndogmaps.com/cdn/shop/files/Lucerne-Forest-WI-Light-Black.jpg?v=1706902510
Bulldog,https://upload.wikimedia.org/wikipedia/commons/thumb/b/bf/Bulldog_inglese.jpg/640px-Bulldog_inglese.jpg
Boston terrier,https://cdn.britannica.com/83/236683-050-84785C8B/Boston-Terrier-dog.jpg
Water dog,https://www.akc.org/wp-content/uploads/2017/11/Portuguese-Water-Dog-standing-in-profile-outdoors.jpg
Parson jack russell terrier,https://www.akc.org/wp-content/uploads/2017/11/Parson-Russell-Terrier-standing-in-three-quarter-view-on-a-white-background.jpg
Boxer,https://cdn.britannica.com/46/233846-050-8D30A43B/Boxer-dog.jpg
Coton de tulear,https://s3.amazonaws.com/cdn-origin-etr.akc.org/wp-content/uploads/2017/11/20175536/Coton-de-Tulear-standing-in-the-grass.jpg
Cane corso,https://www.akc.org/wp-content/uploads/2017/11/Cane-Corso-AKC-121516-296.jpg
Bichon havanais,https://i5.walmartimages.com/seo/Bichon-Havanais-Paperback-9798215110324_426098d6-59d8-44b8-9554-22616bc6322c.dfc44fad05072836bc56eb29b45d39c0.jpeg?odnHeight=768&odnWidth=768&odnBg=FFFFFF
Old german herding dog,https://upload.wikimedia.org/wikipedia/commons/b/b8/Gelbbacke.jpg
Harzer fuchs,https://t4.ftcdn.net/jpg/01/64/06/41/360_F_164064186_Fly8wF68wtW4DOqzdRMVoKlmsrNwccRh.jpg
Bretonian spaniel,https://dims.web.production.kw-prod.brightspot.cloud/dims4/default/1c2ab33/2147483647/strip/true/crop/2400x900+0+657/resize/1440x540!/quality/90/?url=https%3A%2F%2Fstatic.kw.com%2Fbe%2F86%2Fa2b4e51a40c6a10d1d25da3144fd%2Fblog-article-4.jpg
Weimaraner,https://s.yimg.com/ny/api/res/1.2/8xb4NfsVaGGtTVzqyicD7g--/YXBwaWQ9aGlnaGxhbmRlcjt3PTY0MDtoPTQyNw--/https://media.zenfs.com/en/pethelpful_915/abc17107ad1acba2d7b2b378cbb7b4f5
Foxterrier,https://upload.wikimedia.org/wikipedia/commons/thumb/0/0e/01_Wire_Fox_terrier.jpg/1200px-01_Wire_Fox_terrier.jpg
Spaniel,https://upload.wikimedia.org/wikipedia/commons/8/84/Ierse_Water_Spaniel.jpg
Australian terrier,https://www.akc.org/wp-content/uploads/2017/11/Australian-Terrier-standing-in-the-garden.jpg
Manchester terrier,https://s3.amazonaws.com/cdn-origin-etr.akc.org/wp-content/uploads/2018/04/26221428/Manchester-Terrier-Slide-01.jpg
Tervueren,https://upload.wikimedia.org/wikipedia/commons/9/99/Tervueren.jpg
Swedish vallhund,https://upload.wikimedia.org/wikipedia/commons/0/03/V%C3%A4stg%C3%B6taspets_hane_5_%C3%A5r.jpg
Spanish Water Dog,http://cdn.akc.org/content/article-body-image/SWD_Hero.jpg
Bull terrier,https://cdn.britannica.com/77/235277-050-E9162647/white-bull-terrier-dog.jpg
German pointing dog,http://static1.squarespace.com/static/5b3fc87b45776e887e966e82/601b7ed16060d75410ff75ea/640a19bc0b0fc31e89847cfc/1683747731059/1-1.jpg?format=1500w
Alano,https://upload.wikimedia.org/wikipedia/commons/b/bd/Spanishalanobrindle4.jpg
French bulldog,https://www.akc.org/wp-content/uploads/2017/11/French-Bulldog-standing-outdoors.jpg
Border terrier,https://www.akc.org/wp-content/uploads/2017/11/Border-Terrier-On-White-03.jpg
Nova scotia duck tolling retriever,https://vgl.ucdavis.edu/sites/g/files/dgvnsk15116/files/media/images/Nova-Scotia-Duck-Tolling-Retriever-Health-Panel-600px.jpg
Kangal,https://preview.redd.it/vgrdzk31ssw61.png?auto=webp&s=6b17c5491dbeb324205b91008abcd54988221f72
Cirneco dell'etna,https://upload.wikimedia.org/wikipedia/commons/thumb/7/7b/Cirneco_dell_Etna_611.jpg/640px-Cirneco_dell_Etna_611.jpg
Breton,https://commissioners.ec.europa.eu/sites/default/files/styles/ewcms_metatag_image/public/2022-12/thierry-breton_0.jpg?itok=o2CYtN7n
Maremma-abruzzenhund,https://www.selectadogbreed.com/media/1748/maremmasheepdog_puppy.jpg
Petit basset griffon,https://www.akc.org/wp-content/uploads/2017/11/Petit-Basset-Griffon-Vendeen-standing.jpg
Silky terrier,https://upload.wikimedia.org/wikipedia/commons/a/af/Australian_Silky_Terrier_Alana_Of_Silky%27s_Dream.jpg
Running dog,https://irondoggy.com/cdn/shop/articles/keeping-your-dog-comfortable-while-running-in-the-rain_1258x.jpg?v=1695945982
Dalmatian,https://upload.wikimedia.org/wikipedia/commons/thumb/6/68/Sun_Dog_Dalmatian.jpg/640px-Sun_Dog_Dalmatian.jpg
Lakeland terrier,https://upload.wikimedia.org/wikipedia/commons/7/78/Lakeland_Terrier.jpg
Bichon frisé,https://upload.wikimedia.org/wikipedia/commons/thumb/9/93/Bichon_Fris%C3%A9_-_studdogbichon.jpg/640px-Bichon_Fris%C3%A9_-_studdogbichon.jpg
Standard Poodle,https://upload.wikimedia.org/wikipedia/commons/f/f8/Full_attention_%288067543690%29.jpg
Border,https://www.pewresearch.org/politics/wp-content/uploads/sites/4/2024/02/PP_24.01.30_Immigration_feature-jpg.webp?w=640
American cocker spaniel,https://upload.wikimedia.org/wikipedia/commons/6/62/PointbreakHoneyimHome.jpg
English toy terrier,"https://static.wixstatic.com/media/57b02d_eb45948063ac4f70b8d6e6ca53133de8~mv2.png/v1/fill/w_787,h_1000,al_c,q_90,usm_0.66_1.00_0.01/57b02d_eb45948063ac4f70b8d6e6ca53133de8~mv2.png"
English setter,https://www.thesprucepets.com/thmb/5BUWPdnREvd2NmGmO4ESGl4w17Q=/3000x0/filters:no_upscale():strip_icc()/english-setter-dog-breed-profile-4780315-hero-2e7a9ab2941f493b80b54aae51224fd4.jpg
Lhasa apso,https://www.akc.org/wp-content/uploads/2017/11/Lhasa-Apso-On-White-01.jpg
Yorkshire terrier,https://upload.wikimedia.org/wikipedia/commons/4/41/%282_version%29_Grupp_3%2C_YORKSHIRETERRIER%2C_NO_UCH_SE_UCH_Oxzar_Amazing_Bel%E2%80%99s_Toffy_%2824310212305%29.jpg
Dutch shepherd,https://dogtime.com/wp-content/uploads/sites/12/2023/10/GettyImages-1200407537-1-e1697827592829.jpg?w=1024
Fila brasileiro,https://upload.wikimedia.org/wikipedia/commons/thumb/2/2a/Fila_brasileiro_ppk9.jpg/640px-Fila_brasileiro_ppk9.jpg
Saint Bernard,https://cdn.britannica.com/66/235666-050-751046D6/Saint-bernard-dog-st-bernard-standing-snow.jpg
Small spitz,https://www.thesprucepets.com/thmb/PNz9qc7POFQeCZllcxOd2jn_Ujw=/4852x0/filters:no_upscale():strip_icc()/GettyImages-872401712-bd326b640f7d43b68620fd25d7b44071.jpg
Catalan shepherd dog,https://www.purina.co.uk/sites/default/files/styles/square_medium_440x440/public/2022-07/Catalan-Sheepdog.jpg?itok=wR7vqHqQ
English staffordshire terrier,https://upload.wikimedia.org/wikipedia/commons/d/de/%D7%A1%D7%90%D7%98%D7%A3_%D7%90%D7%A0%D7%92%D7%9C%D7%99.jpg
Poodle,https://upload.wikimedia.org/wikipedia/commons/f/f8/Full_attention_%288067543690%29.jpg
German hunting terrier,https://breed-assets.wisdompanel.com/dog/german-hunting-terrier/German_Hunting_Terrier_Color_Small_File.png
Belgian shepherd,https://cdn.britannica.com/85/232785-050-0EE871BE/Belgian-Malinois-dog.jpg
Greyhound,https://upload.wikimedia.org/wikipedia/commons/thumb/5/5d/Italian_Greyhound_standing_gray_%28cropped%29.jpg/1200px-Italian_Greyhound_standing_gray_%28cropped%29.jpg
American bulldog,https://www.akc.org/wp-content/uploads/2020/01/American-Bulldog-standing-in-three-quarter-view.jpg
Siberian husky,https://cdn.britannica.com/84/232784-050-1769B477/Siberian-Husky-dog.jpg
Puli,https://www.thesprucepets.com/thmb/2LrChnKStSv4WP8OSZqxkQgS3II=/1416x0/filters:no_upscale():strip_icc()/GettyImages-654715323-a7e6ee2ff7324fab80da81a8c13806c0.jpg
Entlebucher,https://www.akc.org/wp-content/uploads/2017/11/Entlebucher-Mountain-Dog-outdoors-standing-in-a-field.jpg
Shepherd dog,https://www.dailypaws.com/thmb/osaWHq3uiDiQ_cn2ZpB-F9llNYE=/1500x0/filters:no_upscale():max_bytes(150000):strip_icc()/australian-shepherd-full-body-635701178-2000-3e79ff41114848e4a81d1bf72994a3e9.jpg
Slovak cuvac,https://www.akc.org/wp-content/uploads/2017/11/Slovensky-Cuvac-standing-outdoors.jpg
Dwarf spitz,https://www.shutterstock.com/image-photo/portreit-cute-small-orange-pomeranian-600nw-1848497908.jpg
Goldendoodle,https://www.teddybeargoldendoodles.com/wp-content/uploads/2022/03/tan-white-f1b-goldendoodle-puppy.png
Newfoundland,https://cdn.britannica.com/98/20598-050-C660BFEE/Newfoundland-map-features-MAP-locator-CORE-ARTICLES.jpg
Beauceron,https://www.akc.org/wp-content/uploads/2017/11/Beauceron-On-White-03.jpg
English bulldog,https://upload.wikimedia.org/wikipedia/commons/thumb/b/bf/Bulldog_inglese.jpg/640px-Bulldog_inglese.jpg
Leonberger,https://www.akc.org/wp-content/uploads/2017/11/Leonberger-standing-in-a-field.jpg
Norwegian buhund,https://www.akc.org/wp-content/uploads/2017/11/Norwegian-Buhund-On-White-01.jpg
Gordon setter,https://www.thesprucepets.com/thmb/Xi4yVUHirSZ4ybgcAdh4qH0Me3k=/3353x0/filters:no_upscale():strip_icc()/GordonsetterGettyImages-531551078CaptureLight-912a74fd3ed1497d8160f7e45bf4bc15.jpg
German shorthaired pointer,http://static1.squarespace.com/static/5b3fc87b45776e887e966e82/601b7ed16060d75410ff75ea/640a19bc0b0fc31e89847cfc/1683747731059/1-1.jpg?format=1500w
Norwegian lundehund,https://s3.amazonaws.com/cdn-origin-etr.akc.org/wp-content/uploads/2017/11/08125010/Norwegian-Lundehund-standing-in-the-grass.jpg
Tibetan terrier,https://cdn.sanity.io/images/4ij0poqn/production/8bfb5b8dc83b97c5ee72986975a810d7b133046a-1200x700.jpg
Welsh corgi cardigan,https://www.akc.org/wp-content/uploads/2017/11/Cardigan-Welsh-Corgi-on-White-111.jpg
Medium spitz,https://brit-petfood.com/file/nodes/product/nemecky%20spic%20stredni.JPG
Bardino,https://cdn-fastly.petguide.com/media/2022/02/16/8214956/bardino-majorero.jpg?size=720x845&nocrop=1
Basset hound,https://s3.amazonaws.com/cdn-origin-etr.akc.org/wp-content/uploads/2017/11/07200501/Basset-Hound-standing-in-the-garden.jpg
Bergamasker,https://m.media-amazon.com/images/I/A13usaonutL._CLa%7C2140%2C2000%7CA1runFsvjKL.png%7C0%2C0%2C2140%2C2000%2B0.0%2C0.0%2C2140.0%2C2000.0_AC_UY1000_.png
Tibetan Mastiff,https://upload.wikimedia.org/wikipedia/commons/thumb/c/c1/BIR_Grupp_2-_TIBETANSK_MASTIFF%2C_Legenda_Tibeta_Temudzhin_%2823938629470%29.jpg/800px-BIR_Grupp_2-_TIBETANSK_MASTIFF%2C_Legenda_Tibeta_Temudzhin_%2823938629470%29.jpg
German longhaired shepherd,https://leerburg.com/Photos/articles/main/longhair.jpg
Golden retriever,https://images.squarespace-cdn.com/content/v1/54e7a1a6e4b08db9da801ded/fdecc7f0-42bf-4696-bd4c-73a868e5d1d2/81.jpg
Polish Lowland Sheepdog,http://cdn.akc.org/content/hero/pons.jpeg
Swiss lowland dog,https://media.istockphoto.com/id/1318928121/vector/pets-dogs-breeds.jpg?s=612x612&w=0&k=20&c=1d0c2cC2Qa6iYYsek541wZgreficUnLVZVDnkP9Wt0g=
Kromfohrländer,https://upload.wikimedia.org/wikipedia/commons/thumb/8/88/Kromfohrlaender_glatt.jpg/640px-Kromfohrlaender_glatt.jpg
Whippet,https://www.akc.org/wp-content/uploads/2017/11/Whippet-On-White-01-400x267.jpg
Australian cattle dog,https://cdn.britannica.com/50/236050-050-5AA32B83/Australian-cattle-dog.jpg
Cimarron uruguayo,https://upload.wikimedia.org/wikipedia/commons/7/78/Cimarron_uruguayo.png
Azawakh,https://www.akc.org/wp-content/uploads/2017/11/Azawakh_178091272.jpg
Phalène,https://upload.wikimedia.org/wikipedia/commons/thumb/8/87/Spaniel_miniaturowy_kontynentalny_phalene_00.jpg/1200px-Spaniel_miniaturowy_kontynentalny_phalene_00.jpg
Mastiff,https://cdn.britannica.com/02/234902-050-E6163C4B/Brindle-mastiff-dog.jpg
Basenji,https://upload.wikimedia.org/wikipedia/commons/thumb/c/c5/Basenji_Profile_%28loosercrop%29.jpg/640px-Basenji_Profile_%28loosercrop%29.jpg
Chihuahua,https://www.akc.org/wp-content/uploads/2017/11/Chihuahua-standing-in-three-quarter-view.jpg
Shorthair dachshund,https://www.purina.co.uk/sites/default/files/styles/square_medium_440x440/public/2022-07/Dachshund%20%28Smooth-Haired%291.jpg?h=761fb2c0&itok=-vgC8u77
Mixed breed small,https://geniusvets.s3.amazonaws.com/gv-dog-breeds/mixed-breed-small-1.jpg
American staffordshire terrier,https://cdn.britannica.com/01/198001-050-AC33057E/ancestry-American-Staffordshire-Terrier-bulldogs-Staffie-mastiffs.jpg
Kishu,https://s3.amazonaws.com/cdn-origin-etr.akc.org/wp-content/uploads/2017/11/29120101/Kishu-Ken-puppy-being-held-up-for-a-photo.jpg
Airedale terrier,https://s3.amazonaws.com/cdn-origin-etr.akc.org/wp-content/uploads/2017/11/30202205/Airedale-Terrier-standing-stacked-outdoors.jpg
Maremmano,https://upload.wikimedia.org/wikipedia/commons/thumb/8/82/Cane_Pastore_Abruzzese_Abruzzo.jpg/220px-Cane_Pastore_Abruzzese_Abruzzo.jpg
Appenzell mountain dog,https://www.akc.org/wp-content/uploads/2017/11/AdobeStock_11176134.jpg
Dwarf poodle,https://d3544la1u8djza.cloudfront.net/APHI/Blog/2023/July/MiniaturePoodle_Hero.jpg
Papillon,https://a.storyblok.com/f/152976/6296x3940/cd74698504/papillon.jpg
Nude dog,https://www.rover.com/blog/wp-content/uploads/2015/07/lion-dog-640x540.jpg
Thai ridgeback,https://upload.wikimedia.org/wikipedia/commons/d/d6/Thai-Ridgeback.jpg
Dwarf wire-haired dachshund,https://www.purina.co.uk/sites/default/files/styles/square_medium_440x440/public/2022-07/Dachshund%20%28Miniature%20Wire-Haired%291.jpg?h=2018fa41&itok=4Y1Zu37y
Italian greyhound,https://upload.wikimedia.org/wikipedia/commons/thumb/5/5d/Italian_Greyhound_standing_gray_%28cropped%29.jpg/1200px-Italian_Greyhound_standing_gray_%28cropped%29.jpg
Ratenero bodeguero,https://upload.wikimedia.org/wikipedia/commons/f/f0/Bodeguero_young.jpg
Malinois,https://cdn.britannica.com/85/232785-050-0EE871BE/Belgian-Malinois-dog.jpg
Old German shepherd,"https://static.wixstatic.com/media/53899f_8b0ef8fb5d994b19b1ff55428f61852d~mv2.jpg/v1/fill/w_1000,h_667,al_c,q_85,usm_0.66_1.00_0.01/53899f_8b0ef8fb5d994b19b1ff55428f61852d~mv2.jpg"
Welsh corgi pembroke,https://www.akc.org/wp-content/uploads/2017/11/Pembroke-Welsh-Corgi-standing-outdoors-in-the-fall.jpg
Welsh terrier,https://www.akc.org/wp-content/uploads/2016/01/Welsh-Terrier.jpg
Hovawart,https://lookaside.fbsbx.com/lookaside/crawler/media/?media_id=100063453977981
Bearded collie,https://www.akc.org/wp-content/uploads/2017/11/Bearded-Collie-standing-in-the-grass.jpg
Pointer,https://cdn.britannica.com/10/8110-050-AE52896A/Dogs-pointers-scent-ground-nasal-cavity-sniffing.jpg
Irish wolfhound,https://www.akc.org/wp-content/uploads/2017/11/Irish-Wolfhound-standing-in-a-field.jpg
Swiss mountain dog,https://www.akc.org/wp-content/uploads/2017/11/Greater-Swiss-Mountain-Dog-laying-down-in-the-grass.jpg
Chow chow,https://upload.wikimedia.org/wikipedia/commons/thumb/4/4c/ChowChow2Szczecin.jpg/1200px-ChowChow2Szczecin.jpg
Welsh springer spaniel,https://www.akc.org/wp-content/uploads/2017/11/Welsh-Springer-Spaniel-head-portrait-outdoors.jpg
Labrador retriever,https://upload.wikimedia.org/wikipedia/commons/thumb/3/34/Labrador_on_Quantock_%282175262184%29.jpg/1200px-Labrador_on_Quantock_%282175262184%29.jpg
Berger blanc suisse,http://www.trebonsbergerblancsuisse.com/images/Who1.jpg
Toy poodle,https://image.petmd.com/files/styles/978x550/public/2023-01/toy-poodle.jpg
Corgi,https://www.akc.org/wp-content/uploads/2017/11/Pembroke-Welsh-Corgi-standing-outdoors-in-the-fall.jpg
Kooiker,https://upload.wikimedia.org/wikipedia/commons/f/f0/Kooiker03.jpg
Doberman,https://www.akc.org/wp-content/uploads/2017/11/Doberman-Pinscher-standing-outdoors.jpg
Scottish terrier,https://upload.wikimedia.org/wikipedia/commons/thumb/0/07/Scottish_Terrier_Photo_of_Face.jpg/640px-Scottish_Terrier_Photo_of_Face.jpg
Sheltie,https://preview.redd.it/our-first-dog-is-a-sheltie-he-couldnt-be-more-perfect-v0-3hpl3de9i3rb1.jpg?width=1080&crop=smart&auto=webp&s=36633d214daf27cc8cdb5c9f87c5887ce3b73af3
Bobtail,https://www.thesprucepets.com/thmb/q4s0rzc3R1xgbTfqOayOv0bbny4=/2121x0/filters:no_upscale():strip_icc()/GettyImages-1026178532-2c9309ac4f57454880fe83d87ea8ddc4.jpg
Dwarf schnauzer,https://www.akc.org/wp-content/uploads/2017/11/Miniature-Schnauzer-On-White-01.jpg
Entlebucher mountain dog,https://www.akc.org/wp-content/uploads/2017/11/Entlebucher-Mountain-Dog-outdoors-standing-in-a-field.jpg
Shepherd,https://www.dogster.com/wp-content/uploads/2024/01/australian-shepherd-enjoying-the-outdoors-during-autumn_dodafoto_Shutterstock.jpeg
Kerry blue terrier,https://www.akc.org/wp-content/uploads/2017/11/Kerry-Blue-Terrier-standing-stacked-outdoors.jpg
Irish terrier,https://upload.wikimedia.org/wikipedia/commons/thumb/5/56/IrishTerrierSydenhamHillWoods.jpg/800px-IrishTerrierSydenhamHillWoods.jpg
Afghan hound,https://s3.amazonaws.com/cdn-origin-etr.akc.org/wp-content/uploads/2017/11/26151212/Afghan-Hound-standing-in-a-garden.jpg
Münsterländer,https://www.akc.org/wp-content/uploads/2017/11/Small-Munsterlander-Pointer-MP.jpg
Setter,https://assets.dirigible.studio/wp-content/uploads/sites/2/2023/05/11102612/7746.jpg.webp
Pomeranian,https://www.thesprucepets.com/thmb/b_dt6JpFxaD6ROMYy7nVmwuFars=/3504x0/filters:no_upscale():strip_icc()/Pomeranian-GettyImages-1014940472-a6ba0030958a4bbba0eee3e982ee9bc6.jpg
Wind chime,https://m.media-amazon.com/images/I/81zbHl1bqgL.jpg
Dwarf pinscher,https://upload.wikimedia.org/wikipedia/commons/thumb/a/a1/Miniature_pinscher.jpg/640px-Miniature_pinscher.jpg
Husky,https://cdn.britannica.com/84/232784-050-1769B477/Siberian-Husky-dog.jpg
Welsh corgi,https://www.akc.org/wp-content/uploads/2017/11/Pembroke-Welsh-Corgi-standing-outdoors-in-the-fall.jpg
Jura drive dog,https://lookaside.fbsbx.com/lookaside/crawler/media/?media_id=100090210908298
Rottweiler,https://m.media-amazon.com/images/I/61NkqlAFzRL.jpg
Old English bulldog,https://upload.wikimedia.org/wikipedia/commons/1/17/UKC_Olde_English_Bulldogge_Male.jpg
Schapendoes,https://upload.wikimedia.org/wikipedia/commons/6/6f/Nederlandse-schapendoes-02.jpg
Boerboel,https://upload.wikimedia.org/wikipedia/commons/thumb/c/c2/Boerboel_fawn_border.jpg/1200px-Boerboel_fawn_border.jpg
Cattle dog,https://www.akc.org/wp-content/uploads/2017/11/Australian-Cattle-Dog-laying-down-in-the-grass.jpg
Bavarian mountain scent hound,https://www.akc.org/wp-content/uploads/2017/11/Bavarian.190758538.jpg
Curly coated retriever,https://www.akc.org/wp-content/uploads/2017/11/Curly-Coat-puppies.jpg
Parson terrier,https://www.akc.org/wp-content/uploads/2017/11/Parson-Russell-Terrier-standing-in-three-quarter-view-on-a-white-background.jpg
Miniature bull terrier,https://www.akc.org/wp-content/uploads/2017/11/Miniature-Bull-Terrier-standing-outdoors.jpg
Malamute,https://cdn.britannica.com/02/236302-050-E1F61BB1/Alaskan-Malamute-sled-dog.jpg
Flat coated retriever,https://www.akc.org/wp-content/uploads/2017/11/Flat-Coated-Retrievers-sitting-outdoors-400x267.jpg
Dachshund bracket,https://i.etsystatic.com/10164462/r/il/8998cb/3719060039/il_570xN.3719060039_klj0.jpg
Alaskan malamute,https://cdn.britannica.com/02/236302-050-E1F61BB1/Alaskan-Malamute-sled-dog.jpg
Daisy dog,https://cdn-fastly.petguide.com/media/2022/02/16/8230165/daisy-dog.jpg?size=1200x628
Tibetan spaniel,https://www.thesprucepets.com/thmb/pI7_gDkeqv_1UUR19Id53MUZPgw=/4184x0/filters:no_upscale():strip_icc()/GettyImages-503327816-5ba9e8bf7bda4201b047235103c8f1dc.jpg
Spitz,https://upload.wikimedia.org/wikipedia/commons/thumb/1/13/Un_chien_Spitz_allemand.jpg/220px-Un_chien_Spitz_allemand.jpg
Soft coated wheaten terrier,https://upload.wikimedia.org/wikipedia/commons/thumb/f/fd/Soft-Coated_Wheaten_Terrier.jpg/640px-Soft-Coated_Wheaten_Terrier.jpg
Basset griffon vendéen,https://upload.wikimedia.org/wikipedia/commons/b/b5/GrandBassettGriffonVend%C3%A9en.jpg
Deerhound,https://upload.wikimedia.org/wikipedia/commons/thumb/7/70/Karrie.JPG/1200px-Karrie.JPG
Norfolk terrier,https://www.akc.org/wp-content/uploads/2017/11/Norfolk-Terrier-sitting-in-the-grass.1.jpg
Irish water spaniel,https://upload.wikimedia.org/wikipedia/commons/8/84/Ierse_Water_Spaniel.jpg
Staffordshire bull terrier,https://upload.wikimedia.org/wikipedia/commons/d/de/%D7%A1%D7%90%D7%98%D7%A3_%D7%90%D7%A0%D7%92%D7%9C%D7%99.jpg
German shepherd,https://upload.wikimedia.org/wikipedia/commons/thumb/d/d0/German_Shepherd_-_DSC_0346_%2810096362833%29.jpg/220px-German_Shepherd_-_DSC_0346_%2810096362833%29.jpg
Dachshund,https://cdn.britannica.com/13/234213-050-45F47984/dachshund-dog.jpg
Löwchen,https://www.akc.org/wp-content/uploads/2017/11/Lowchen-at-the-AKC-National-Championship-presented-by-Royal-Canin.jpg
Rough-haired dachshund,https://www.purina.co.uk/sites/default/files/styles/square_medium_440x440/public/2022-07/Dachshund-Miniature-Wire-Haired.jpg?itok=nyS9ff4p
Labradoodle,https://upload.wikimedia.org/wikipedia/commons/thumb/8/85/Labradoodle-Brown-Male-SideFace.jpg/800px-Labradoodle-Brown-Male-SideFace.jpg
Miniature australian shepherd,https://www.akc.org/wp-content/uploads/2017/11/Miniature-American-Shepherd-On-White-01.jpg
Dachshund,https://cdn.britannica.com/13/234213-050-45F47984/dachshund-dog.jpg
Standard poodle,https://upload.wikimedia.org/wikipedia/commons/f/f8/Full_attention_%288067543690%29.jpg
German boxer,https://i.pinimg.com/736x/61/48/36/614836122edbd5fe4bcbaa50c5937be1.jpg
Standard poodle,https://upload.wikimedia.org/wikipedia/commons/f/f8/Full_attention_%288067543690%29.jpg
Afghan hound,https://s3.amazonaws.com/cdn-origin-etr.akc.org/wp-content/uploads/2017/11/26151212/Afghan-Hound-standing-in-a-garden.jpg
Saarloos-wolfshund,https://www.hundeo.com/wp-content/uploads/2019/01/Saarlooswolfhund.jpg
Bolognese,"https://assets.bonappetit.com/photos/5c2f8fe26558e92c8a622671/1:1/w_2700,h_2700,c_limit/bolognese-1.jpg"
Field spaniel,https://gundog-journal.com/siteimg/main/ugc-1/fullnews/news/162/195_original.jpg
Lowland hound,https://www.akc.org/wp-content/uploads/2017/11/Polish-Lowland-Sheepdog-On-White-02.jpg
Dwarf dachshund,https://i.redd.it/ln01yqfclm721.jpg
Segugio,https://www.purina.co.uk/sites/default/files/styles/square_medium_440x440/public/2022-08/Segugio%20Italiano2.jpg?h=3cecfb50&itok=zZYSOIiM
Czechoslovakian wolfhound,https://upload.wikimedia.org/wikipedia/commons/thumb/9/9d/TWH-jolly.JPG/640px-TWH-jolly.JPG
Groenendael,https://www.purina.co.uk/sites/default/files/styles/square_medium_440x440/public/2022-07/Belgian-Shepherd-Dog-Groenendael.jpg?itok=JOgz5HpJ
Sloughi,https://www.akc.org/wp-content/uploads/2017/11/Sloughi-in-the-desert.jpg
Polish hound,https://upload.wikimedia.org/wikipedia/commons/e/ed/PolishHound-MlChPl-OKSANA-ZOstregoBoru-wl.JoannaZembrzuska_3.JPG
Skye terrier,https://upload.wikimedia.org/wikipedia/commons/thumb/6/61/Skye_terrier_800.jpg/1200px-Skye_terrier_800.jpg
Canaan dog,https://cdn.britannica.com/74/123274-004-F01BE1A3/Canaan-dog.jpg
Chinese crested hairless dog,https://www.akc.org/wp-content/uploads/2017/11/Chinese-Crested-On-White-01.jpg
Kuvasz,https://www.akc.org/wp-content/uploads/2017/11/Kuvasz-standing-outdoors.jpg
Giant schnauzer,https://upload.wikimedia.org/wikipedia/commons/7/7b/Nev_Lemar_Barbara1.jpg
Bichon,https://upload.wikimedia.org/wikipedia/commons/thumb/f/fa/AG_Cody.jpg/250px-AG_Cody.jpg
Bouvier,https://www.akc.org/wp-content/uploads/2017/11/Bouvier-des-Flandres-standing-atop-a-hill-400x267.jpg
Podenco ibicenco,https://upload.wikimedia.org/wikipedia/commons/e/ef/Podenco_z_ibizy_645.jpg
Poitevin hunting dog,https://upload.wikimedia.org/wikipedia/commons/thumb/9/9f/Poitevin_Hound.jpg/800px-Poitevin_Hound.jpg
Pumi,https://www.dogster.com/wp-content/uploads/2012/03/Pumi%E2%80%A8Dog_Barita-Shutterstock.jpg
Rabbit dachshund,https://www.dogsnsw.org.au/media/img/BrowseAllBreed/Dachshund-Kaninchen-Smooth.jpg
Cocker spaniel,https://dogtime.com/wp-content/uploads/sites/12/2011/01/GettyImages-168362733-e1691522067206.jpg?w=1024
German quail dog,https://www.hundeo.com/wp-content/uploads/2019/10/Deutscher-Wachtelhund-Profilbild.jpg
Pinscher,https://s3.amazonaws.com/cdn-origin-etr.akc.org/wp-content/uploads/2017/11/20183655/German-Pinscher-standing-near-a-lake.jpg
Podenco,https://www.thesprucepets.com/thmb/uuvFJ40S_UPTRVMxEMny7JM5qZA=/960x0/filters:no_upscale():strip_icc()/SusiwusiPixaby-28943315f2814ec891f5eb644d29beff.jpg
Chinese crested,https://www.akc.org/wp-content/uploads/2017/11/Chinese-Crested-On-White-01.jpg
Toy terrier,https://www.akc.org/wp-content/uploads/2017/11/Toy-Fox-Terrier-standing-portrait.jpg
Catalan shepherd dog,https://www.purina.co.uk/sites/default/files/styles/square_medium_440x440/public/2022-07/Catalan-Sheepdog.jpg?itok=wR7vqHqQ
Collie,https://upload.wikimedia.org/wikipedia/commons/thumb/6/6c/1Dog-rough-collie-portrait.jpg/220px-1Dog-rough-collie-portrait.jpg
Pit bull terrier,https://upload.wikimedia.org/wikipedia/commons/b/b0/001_American_Pit_Bull_Terrier.jpg
Norwich terrier,http://cdn.akc.org/content/article-body-image/norwich_hero.jpg
Russian terrier,https://upload.wikimedia.org/wikipedia/commons/thumb/b/bd/Wystawa_Rybnik_02.10.2011_czarny_terier_rosyjski_2pl.jpg/640px-Wystawa_Rybnik_02.10.2011_czarny_terier_rosyjski_2pl.jpg
Pyrenees,https://lookaside.fbsbx.com/lookaside/crawler/media/?media_id=100054404175879
Appenzeller,https://www.akc.org/wp-content/uploads/2017/11/AdobeStock_11176134.jpg
Perro dogo mallorquin,https://c8.alamy.com/comp/2GCM225/brindle-perro-de-presa-mallorquin-ca-de-bou-2GCM225.jpg
Small münsterländer,https://upload.wikimedia.org/wikipedia/commons/thumb/4/48/Kleiner_M%C3%BCnsterl%C3%A4nder.jpg/800px-Kleiner_M%C3%BCnsterl%C3%A4nder.jpg
Berger de brie,https://c8.alamy.com/comp/BWN7BA/briard-puppy-9-weeks-berger-de-brie-BWN7BA.jpg
Long-haired dachshund,https://www.akc.org/wp-content/uploads/2017/11/Longhaired-Dachshund-standing-outdoors.jpg
Finnish lapphund,https://upload.wikimedia.org/wikipedia/commons/thumb/a/a6/Finnish_Lapphund_Glenchess_Revontuli.jpg/640px-Finnish_Lapphund_Glenchess_Revontuli.jpg
Hunting dog,https://upload.wikimedia.org/wikipedia/commons/b/b4/Dealer_the_Labrador_Retriever_and_a_redhead_duck.jpg
Wolf spitz,https://brit-petfood.com/file/nodes/product/nemecky%20spic%20vlci.JPG
Parson russell terrier,https://www.akc.org/wp-content/uploads/2017/11/Parson-Russell-Terrier-standing-in-three-quarter-view-on-a-white-background.jpg
Berger picard,https://upload.wikimedia.org/wikipedia/commons/thumb/9/91/Picard_Delice_Stacked.jpg/1200px-Picard_Delice_Stacked.jpg
Toy poodle,https://image.petmd.com/files/styles/978x550/public/2023-01/toy-poodle.jpg
Pug,https://upload.wikimedia.org/wikipedia/commons/3/33/Pug_-_1_year_Old_%28cropped%29.jpg
Beauceron berge de beauce,https://c8.alamy.com/comp/D249TG/dog-beauceron-berger-de-beauce-adult-harlequin-standing-on-the-ground-D249TG.jpg
Briard,https://upload.wikimedia.org/wikipedia/commons/thumb/6/60/Briard_fauve.JPG/1200px-Briard_fauve.JPG
Standard schnauzer,https://www.akc.org/wp-content/uploads/2017/11/Standard-Schnauzer-standing-outdoors.jpg
Barbet,https://www.akc.org/wp-content/uploads/2019/12/3004237-Barbet__2821_29-min.jpg
Irish setter,https://upload.wikimedia.org/wikipedia/commons/thumb/2/2e/Can_Setter_dog_GFDL.jpg/800px-Can_Setter_dog_GFDL.jpg
Berger de beauce,https://ckcusa.com/media/147474/berger-de-beauce.jpg?preset=ckcBreedImage375
Samojede,https://as2.ftcdn.net/v2/jpg/01/20/11/55/1000_F_120115560_WOQnz3AirEcehpsr2j7eZXZ6L8RZYXKv.jpg
Russkiy toy,https://www.akc.org/wp-content/uploads/2017/11/Russian-Toy.4.jpg
Mountain dog,https://www.akc.org/wp-content/uploads/2017/11/Bernese-Mountain-Dog-On-White-01.jpg
Foo dog big,https://www.herendanimals.com/wp-content/uploads/Herend-red-foo-lion-1.jpg
Spaniel breton,https://upload.wikimedia.org/wikipedia/commons/f/fe/American_Brittany_standing.jpg
Cavalier king charles spaniel,https://www.akc.org/wp-content/uploads/2017/11/Cavalier-King-Charles-Spaniel-standing-in-the-grass.jpg
Berger des pyrenées,https://upload.wikimedia.org/wikipedia/commons/6/69/Berger-des-Pyrenees_Adeux_0565x0404.jpg
German mastiff,https://media.istockphoto.com/id/676542084/photo/portrait-of-a-neapolitan-mastiff.jpg?s=612x612&w=0&k=20&c=TVF6tjYZ6ZNI8kF1fFhPdKOo7XRx0Kvogex52dm3N-A=
Powder puff,https://m.media-amazon.com/images/I/71GWWWgOm-L.jpg
Shar pei,https://cdn.britannica.com/56/236456-050-D13140E2/Chinese-shar-pei-dog.jpg
Landseer,https://upload.wikimedia.org/wikipedia/commons/thumb/0/04/Landseer.jpg/640px-Landseer.jpg
Chodsky pes,https://brit-petfood.com/file/nodes/product/Chodsk%C3%BD%20pes-2.jpg
Chinese powder puff,https://i.pinimg.com/originals/95/27/52/95275287c122e7ab661b8900baf76795.jpg
Beagle dog,https://cdn.britannica.com/16/234216-050-C66F8665/beagle-hound-dog.jpg
Cairn terrier,https://upload.wikimedia.org/wikipedia/commons/thumb/b/b0/Cairn-Terrier-Garten1.jpg/800px-Cairn-Terrier-Garten1.jpg
West highland white terrier,https://upload.wikimedia.org/wikipedia/commons/thumb/2/2c/West_Highland_White_Terrier_Krakow.jpg/640px-West_Highland_White_Terrier_Krakow.jpg
Ratero,https://media.tenor.com/A6ioZz6KEFcAAAAM/ratero-pickpocket.gif
Chinese foo dog,https://www.animaroo.com/assets/sites/animaroo.com/img/breeds/img/chinese-foo-dog_medium.jpg?1359203630
Dachshund,https://cdn.britannica.com/13/234213-050-45F47984/dachshund-dog.jpg
Spanish water dog,http://cdn.akc.org/content/article-body-image/SWD_Hero.jpg
Dogo argentino,https://cdn.britannica.com/51/236451-050-AA12E618/dogo-Argentino-dog.jpg
Shih tzu,https://thumbor.forbes.com/thumbor/fit-in/900x510/https://www.forbes.com/advisor/wp-content/uploads/2023/11/shih-tzu-temperament.jpeg.jpg
Volpino,https://www.akc.org/wp-content/uploads/2021/03/Volpino-Italiano-puppies-together-in-the-grass.jpg
German shepherd,https://upload.wikimedia.org/wikipedia/commons/thumb/d/d0/German_Shepherd_-_DSC_0346_%2810096362833%29.jpg/220px-German_Shepherd_-_DSC_0346_%2810096362833%29.jpg
Spinone,https://projectupland.com/wp-content/uploads/2020/12/Spinone-3-5-2-1600x1290.jpg
Australian kelpie,https://upload.wikimedia.org/wikipedia/commons/thumb/7/75/Hilu_the_Australian_Kelpie_dog.jpg/640px-Hilu_the_Australian_Kelpie_dog.jpg
Terrier dog,https://www.thesprucepets.com/thmb/FrzaZIcI4aOXxIaRMbomeJUoft8=/2116x0/filters:no_upscale():strip_icc()/Westie-74f76b3f57e643639d67298018374e39.jpg
Transylvanian drive dog,https://preview.redd.it/pretty-sure-she-has-transylvanian-hound-in-her-shes-my-v0-xgb2qma0z9dc1.jpg?width=640&crop=smart&auto=webp&s=1192ea987ffdc61d383dd3e6d8abef692e94b028
Bichon maltais,https://upload.wikimedia.org/wikipedia/commons/thumb/c/c4/Emily_Maltese.jpg/1200px-Emily_Maltese.jpg
Alpine dachsbracke,https://upload.wikimedia.org/wikipedia/commons/thumb/2/23/Alpejski_go%C5%84czy_kr%C3%B3tkono%C5%BCny_g99.jpg/1200px-Alpejski_go%C5%84czy_kr%C3%B3tkono%C5%BCny_g99.jpg
Zwergpinscher,https://upload.wikimedia.org/wikipedia/commons/thumb/c/c3/Zwergpinscher.Denzo-vom-Reichsgraf-zu-Herrenheim_1500X1500.jpg/1200px-Zwergpinscher.Denzo-vom-Reichsgraf-zu-Herrenheim_1500X1500.jpg
Irish soft coated wheaten terrier,https://upload.wikimedia.org/wikipedia/commons/thumb/f/fd/Soft-Coated_Wheaten_Terrier.jpg/640px-Soft-Coated_Wheaten_Terrier.jpg
Mastiff,https://cdn.britannica.com/02/234902-050-E6163C4B/Brindle-mastiff-dog.jpg
Akita inu,https://www.akc.org/wp-content/uploads/2020/11/Japanese-Akitainu-standing-in-the-forest.jpg
Galgo,https://www.thesprucepets.com/thmb/XapN3yNi313elYRyXcZ1EFUC1ZE=/2064x0/filters:no_upscale():strip_icc()/tsik2-c70f65d545e54025ae3e68bdb6f10f46.jpg
Anatolian shepherd dog,https://www.akc.org/wp-content/uploads/2017/11/Anatolian-Shepherd-Dog-On-White-01.jpg
Griffon,https://static.wikia.nocookie.net/forgottenrealms/images/6/6a/Griffon-5e.png/revision/latest?cb=20171010175023
Portuguese water dog,https://www.akc.org/wp-content/uploads/2017/11/Portuguese-Water-Dog-standing-in-profile-outdoors.jpg
King charles spaniel,https://www.akc.org/wp-content/uploads/2017/11/Cavalier-King-Charles-Spaniel-standing-in-the-grass.jpg
German wirehaired pointer,https://www.akc.org/wp-content/uploads/2017/11/German-Wirehaired-Pointer-standing-in-a-green-grassy-field.jpg
Eurasier,https://www.akc.org/wp-content/uploads/2017/11/Eurasier.1.jpg
Bernese mountain dog,https://www.akc.org/wp-content/uploads/2017/11/Bernese-Mountain-Dog-On-White-01.jpg
Pointer dog,https://www.purina.co.uk/sites/default/files/styles/square_medium_440x440/public/2022-07/German-Short-Haired-Pointer.jpg?itok=L3PSw8lL
English springer spaniel,https://upload.wikimedia.org/wikipedia/commons/thumb/c/c4/Springer_Spaniel_Wide_Shot.jpg/640px-Springer_Spaniel_Wide_Shot.jpg
Vizsla,https://www.akc.org/wp-content/uploads/2017/11/Vizsla-Illo-2.jpg
Elo dog,https://www.zooplus.co.uk/magazine/wp-content/uploads/2021/09/Elo-Dog-Breed.jpg
Schnauzer,https://www.akc.org/wp-content/uploads/2020/05/Standard-Schnauzer-standing-outdoors-500x486.jpg
Magyar vizsla,https://upload.wikimedia.org/wikipedia/commons/thumb/2/2d/Wy%C5%BCe%C5%82_w%C4%99gierski_g%C5%82adkow%C5%82osy_500.jpg/800px-Wy%C5%BCe%C5%82_w%C4%99gierski_g%C5%82adkow%C5%82osy_500.jpg
German pinscher,https://s3.amazonaws.com/cdn-origin-etr.akc.org/wp-content/uploads/2017/11/20183655/German-Pinscher-standing-near-a-lake.jpg
Bolonka,https://www.akc.org/wp-content/uploads/2017/11/Russian-Tsvetnaya-Bolonka-standing-on-a-white-background.jpg
Catalan Sheepdog,https://www.purina.co.uk/sites/default/files/styles/square_medium_440x440/public/2022-07/Catalan-Sheepdog.jpg?itok=wR7vqHqQ
Prague rattler,https://www.hundeo.com/wp-content/uploads/2023/03/Prager-Rattler.jpg
Mudi,https://encrypted-tbn1.gstatic.com/licensed-image?q=tbn:ANd9GcT1q_YQ7qjj7SuTBiFroWPDSUPpQbUdDg-wtNQe2jEorrFMEowaY3m-tRX-W1HUbzfWHO6-gkOxE4GyGiQ
Chinese crested powder puff,https://encrypted-tbn2.gstatic.com/images?q=tbn:ANd9GcTGAtBZyaRjaOTNRSWlqWCm0LzrMn7OKM05hxgGjezG2pQEMhY8
Bordeaux mastiff,https://encrypted-tbn3.gstatic.com/images?q=tbn:ANd9GcSTqxqmxCdcSCT4DsafJXZMhHO1eOR8p-BBHwRYwzgXXgLxh9la
Tyrolean Hound,https://encrypted-tbn1.gstatic.com/licensed-image?q=tbn:ANd9GcQ_PAjuxOHC0r6jDLyNyhk970YocdVpDNDEeguvpEprEEZBK7Nmeejude7q5Tec6VrCvgpKjXnMdl5CljI
